empresa,indice,tipo,divisa,strategy,buy_date,sale_date,Vendida,year,share_price,share_number,fee_in,invertido_total
Acerinox,BME:ACX,SHARE,EUR,Standard,24/02/2026,,BOUGHT,2026,"13,19 €",20000,"1,53 €","265,33 €"
Acerinox,BME:ACX,SHARE,EUR,Standard,3/03/2026,,BOUGHT,2026,"12,38 €",10000,"1,25 €","125,05 €"
Aena,BME:AENA,SHARE,EUR,Standard,6/02/2026,,BOUGHT,2026,"27,68 €",1000,"1,06 €","28,74 €"
Aena,BME:AENA,SHARE,EUR,Standard,6/02/2026,,BOUGHT,2026,"27,68 €",1000,"1,06 €","28,74 €"
Aena,BME:AENA,SHARE,EUR,Standard,18/02/2026,,BOUGHT,2026,"28,18 €",20000,"2,13 €","565,73 €"
Aena,BME:AENA,SHARE,EUR,Standard,19/02/2026,,BOUGHT,2026,"27,00 €",10000,"1,54 €","271,54 €"
Aena,BME:AENA,SHARE,EUR,Standard,17/03/2026,,BOUGHT,2026,"25,90 €",10000,"1,52 €","260,52 €"
Aena,BME:AENA,SHARE,EUR,Standard,7/04/2026,,BOUGHT,2026,"26,56 €",10000,"1,53 €","267,13 €"
Aena,BME:AENA,SHARE,EUR,Standard,14/04/2026,,BOUGHT,2026,"26,48 €",18000,"1,95 €","478,59 €"
Airbus,BME:AIR,SHARE,EUR,Standard,13/02/2026,,BOUGHT,2026,"193,52 €",3000,"1,00 €","581,56 €"
Airbus,BME:AIR,SHARE,EUR,Standard,19/02/2026,,BOUGHT,2026,"187,06 €",1000,"1,00 €","188,06 €"
Alphabet,FRA:ABEC,SHARE,EUR,Standard,7/07/2025,2/09/2025,SOLD,2025,"151,81 €",6593,"1,00 €","1.001,86 €"
Alphabet,FRA:ABEC,SHARE,EUR,Standard,26/08/2025,2/09/2025,SOLD,2025,"177,94 €",899,"1,00 €","161,02 €"
Alphabet,FRA:ABEA,SHARE,EUR,Standard,25/11/2025,,BOUGHT,2025,"287,55 €",1000,"1,00 €","288,55 €"
Alphabet,FRA:ABEA,SHARE,EUR,Standard,2/12/2025,,BOUGHT,2025,"273,65 €",1000,"1,00 €","274,65 €"
Amazon,Amazon,SHARE,EUR,Standard,23/05/2025,3/07/2025,SOLD,2025,"175,70 €",5692,"1,00 €","1.001,00 €"
Amazon,FRA:AMZ,SHARE,EUR,Standard,8/07/2025,7/10/2025,SOLD,2025,"188,62 €",2651,"1,00 €","501,00 €"
Amazon,FRA:AMZ,SHARE,EUR,Standard,1/08/2025,7/10/2025,SOLD,2025,"188,56 €",2652,"1,00 €","501,00 €"
Apple,Apple,SHARE,EUR,Standard,5/05/2025,20/05/2025,SOLD,2025,"176,92 €",480,"1,00 €","85,99 €"
AST Space Mobile,FRA:3ZU0,SHARE,EUR,Standard,28/07/2025,7/10/2025,SOLD,2025,"47,20 €",7415,"1,00 €","351,00 €"
AST Space Mobile,FRA:3ZU0,SHARE,EUR,Standard,11/08/2025,7/10/2025,SOLD,2025,"40,80 €",9804,"1,00 €","401,00 €"
AST Space Mobile,FRA:3ZU0,SHARE,EUR,Standard,8/10/2025,17/10/2025,SOLD,2025,"71,00 €",14085,"1,00 €","1.001,00 €"
AST Space Mobile,FRA:3ZU0,SHARE,EUR,Standard,9/10/2025,17/10/2025,SOLD,2025,"71,50 €",30070,"1,00 €","2.151,00 €"
AST Space Mobile,FRA:3ZU0,SHARE,EUR,Standard,10/10/2025,17/10/2025,SOLD,2025,"71,00 €",14085,"1,00 €","1.001,00 €"
AST Space Mobile,FRA:3ZU0,SHARE,EUR,Standard,16/10/2025,17/10/2025,SOLD,2025,"82,00 €",10270,"1,00 €","843,14 €"
AST Space Mobile,FRA:3ZU0,SHARE,EUR,Standard,17/10/2025,22/12/2025,SOLD,2025,"74,50 €",30000,"1,00 €","2.236,00 €"
AST Space Mobile,FRA:3ZU0,SHARE,EUR,Standard,20/10/2025,22/12/2025,SOLD,2025,"75,50 €",4000,"1,00 €","303,00 €"
AST Space Mobile,FRA:3ZU0,SHARE,EUR,Standard,20/10/2025,6/01/2026,SOLD,2025,"75,50 €",6000,"1,00 €","454,00 €"
AST Space Mobile,FRA:3ZU0,SHARE,EUR,Standard,23/10/2025,6/01/2026,SOLD,2025,"63,50 €",8000,"1,00 €","509,00 €"
AST Space Mobile,FRA:3ZU0,SHARE,EUR,Standard,19/11/2025,6/01/2026,SOLD,2025,"52,50 €",4000,"1,00 €","211,00 €"
AST Space Mobile,FRA:3ZU0,SHARE,EUR,Standard,25/11/2025,6/01/2026,SOLD,2025,"48,80 €",2000,"1,00 €","98,60 €"
AST Space Mobile,FRA:3ZU0,SHARE,EUR,Standard,25/11/2025,9/01/2026,SOLD,2025,"48,80 €",14000,"1,00 €","684,20 €"
AST Space Mobile,FRA:3ZU0,SHARE,EUR,Standard,29/12/2025,9/01/2026,SOLD,2025,"61,00 €",3000,"0,50 €","183,50 €"
AST Space Mobile,FRA:3ZU0,SHARE,EUR,Standard,29/12/2025,22/01/2026,SOLD,2025,"61,00 €",15000,"0,50 €","915,50 €"
AST Space Mobile,FRA:3ZU0,SHARE,EUR,Standard,29/12/2025,,BOUGHT,2025,"61,00 €",2000,"0,50 €","122,50 €"
AST Space Mobile,FRA:3ZU0,SHARE,EUR,Standard,11/02/2026,,BOUGHT,2026,"86,00 €",12000,"1,00 €","1.033,00 €"
AST Space Mobile,FRA:3ZU0,SHARE,EUR,Standard,18/02/2026,,BOUGHT,2026,"72,00 €",10000,"1,00 €","721,00 €"
AST Space Mobile,FRA:3ZU0,SHARE,EUR,Standard,2/04/2026,,BOUGHT,2026,"81,00 €",5000,"1,00 €","406,00 €"
AST Space Mobile,FRA:3ZU0,SHARE,EUR,Standard,9/04/2026,,BOUGHT,2026,"81,90 €",5000,"1,00 €","410,50 €"
AST Space Mobile,FRA:3ZU0,SHARE,EUR,Standard,9/04/2026,,BOUGHT,2026,"75,90 €",6000,"1,00 €","456,40 €"
AST Space Mobile,FRA:3ZU0,SHARE,EUR,Standard,16/04/2026,,BOUGHT,2026,"74,60 €",10000,"1,00 €","747,00 €"
Banco Unicaja,BME:UNI,SHARE,EUR,Standard,23/09/2025,28/10/2025,SOLD,2025,"2,25 €",102131,"1,46 €","231,46 €"
Bankinter,Bankinter,SHARE,EUR,Standard,22/05/2025,24/07/2025,SOLD,2025,"11,65 €",24045,"1,56 €","281,68 €"
Barclays,Barclays,SHARE,EUR,Standard,1/08/2025,14/07/2025,SOLD,2025,"3,96 €",126422,"1,00 €","501,00 €"
BBVA,BME:BBVA,SHARE,EUR,Standard,29/09/2025,4/11/2025,SOLD,2025,"16,60 €",60241,"3,00 €","1.003,00 €"
BBVA,BME:BBVA,SHARE,EUR,Standard,30/03/2026,9/04/2026,SOLD,2026,"18,10 €",30000,"2,09 €","545,09 €"
BBVA,BME:BBVA,SHARE,EUR,Standard,7/04/2026,9/04/2026,SOLD,2026,"19,20 €",10000,"0,00 €","192,00 €"
BBVA,BME:BBVA,SHARE,EUR,Standard,7/04/2026,,BOUGHT,2026,"19,20 €",30000,"2,54 €","578,54 €"
Berkshire Halthaway (B),NYSE:BRK.B,SHARE,EUR,Standard,25/07/2025,23/09/2025,SOLD,2025,"411,85 €",484,"1,00 €","200,52 €"
Broadcom,FRA:1YD,SHARE,EUR,Standard,20/10/2025,12/02/2026,SOLD,2025,"290,80 €",1000,"1,00 €","291,80 €"
Broadcom,FRA:1YD,SHARE,EUR,Standard,5/01/2026,12/02/2026,SOLD,2026,"288,85 €",1000,"1,00 €","289,85 €"
Broadcom,FRA:1YD,SHARE,EUR,Standard,28/01/2026,26/02/2026,SOLD,2026,"281,90 €",1000,"1,00 €","282,90 €"
Broadcom,FRA:1YD,SHARE,EUR,Standard,6/02/2026,13/03/2026,SOLD,2026,"271,20 €",1000,"1,00 €","272,20 €"
Capcom,FRA:CPK,SHARE,EUR,Standard,15/09/2025,,BOUGHT,2025,"23,69 €",10553,"1,00 €","251,00 €"
Capcom,FRA:CPK,SHARE,EUR,Standard,15/09/2025,,BOUGHT,2025,"18,46 €",10447,"1,00 €","193,85 €"
Cartera Indie,INDIE,FUND,EUR,Standard,22/10/2025,,FUND,2025,"1.320,00 €",,"0,00 €","1.320,00 €"
Cartera Indie,INDIE,FUND,EUR,Standard,8/12/2025,,FUND,2025,"250,00 €",,"0,00 €","250,00 €"
Cartera Indie,INDIE,FUND,EUR,Standard,6/01/2026,,FUND,2026,"200,00 €",,"0,00 €","200,00 €"
Cartera Indie,INDIE,FUND,EUR,Standard,5/02/2026,,FUND,2026,"300,00 €",,"0,00 €","300,00 €"
Cartera Indie,INDIE,FUND,EUR,Standard,5/03/2026,,FUND,2026,"200,00 €",,"0,00 €","200,00 €"
Cisco Systems,FRA:CIS,SHARE,EUR,Standard,2/10/2025,17/10/2025,SOLD,2025,"58,52 €",10219,"0,50 €","598,50 €"
Cisco Systems,FRA:CIS,SHARE,EUR,Standard,2/10/2025,28/01/2026,SOLD,2025,"58,52 €",219,"0,50 €","13,30 €"
Cisco Systems,FRA:CIS,SHARE,EUR,Standard,2/10/2025,28/01/2026,SOLD,2025,"61,46 €",4781,"1,00 €","294,86 €"
Core MSCI World USD,AMS:IWDA,ETF,EUR,Standard,16/05/2025,,BOUGHT,2025,"100,42 €",2490,"1,00 €","251,00 €"
Core MSCI World USD,AMS:IWDA,ETF,EUR,Standard,25/07/2025,,BOUGHT,2025,"103,12 €",1940,"1,00 €","201,00 €"
Core MSCI World USD,AMS:IWDA,ETF,EUR,Saving,18/08/2025,,BOUGHT,2025,"104,82 €",954,"0,00 €","100,00 €"
Core MSCI World USD,AMS:IWDA,ETF,EUR,Saving,2/09/2025,,BOUGHT,2025,"104,05 €",961,"0,00 €","100,00 €"
Core MSCI World USD,AMS:IWDA,ETF,EUR,Saveback,2/10/2025,,BOUGHT,2025,"108,43 €",138,"0,00 €","14,96 €"
Core MSCI World USD,AMS:IWDA,ETF,EUR,Saving,2/10/2025,,BOUGHT,2025,"108,45 €",1844,"0,00 €","200,00 €"
Core MSCI World USD,AMS:IWDA,ETF,EUR,Saving,3/11/2025,,BOUGHT,2025,"111,93 €",1787,"0,00 €","200,00 €"
Core MSCI World USD,AMS:IWDA,ETF,EUR,Saving,3/11/2025,,BOUGHT,2025,"109,81 €",455,"0,00 €","50,00 €"
Core S&P500 USD,AMS:CSPX,ETF,EUR,Saving,16/07/2025,8/01/2025,SOLD,2025,"576,06 €",174,"0,00 €","100,00 €"
Core S&P500 USD,AMS:CSPX,ETF,EUR,Round-up,16/09/2025,8/01/2025,SOLD,2025,"597,92 €",10,"0,00 €","5,83 €"
Core S&P500 USD,AMS:CSPX,ETF,EUR,Saving,16/09/2025,8/01/2025,SOLD,2025,"597,94 €",167,"0,00 €","100,00 €"
Core S&P500 USD,AMS:CSPX,ETF,EUR,Standard,18/09/2025,8/01/2025,SOLD,2025,"603,62 €",1657,"1,00 €","1.001,00 €"
Core S&P500 USD,AMS:CSPX,ETF,EUR,Round-up,23/09/2025,8/01/2025,SOLD,2025,"607,12 €",23,"0,00 €","14,12 €"
Core S&P500 USD,AMS:CSPX,ETF,EUR,Standard,23/09/2025,8/01/2025,SOLD,2025,"602,34 €",806,"1,00 €","486,27 €"
Core S&P500 USD,AMS:CSPX,ETF,EUR,Standard,23/09/2025,30/01/2026,SOLD,2025,"602,34 €",854,"1,00 €","515,69 €"
Core S&P500 USD,AMS:CSPX,ETF,EUR,Round-up,2/10/2025,30/01/2026,SOLD,2025,"612,78 €",18,"0,00 €","11,23 €"
Core S&P500 USD,AMS:CSPX,ETF,EUR,Round-up,9/10/2025,30/01/2026,SOLD,2025,"622,62 €",17,"0,00 €","10,52 €"
Core S&P500 USD,AMS:CSPX,ETF,EUR,Saving,16/10/2025,30/01/2026,SOLD,2025,"613,76 €",163,"0,00 €","100,00 €"
Core S&P500 USD,AMS:CSPX,ETF,EUR,Standard,17/10/2025,30/01/2026,SOLD,2025,"601,74 €",843,"1,00 €","508,09 €"
Core S&P500 USD,AMS:CSPX,ETF,EUR,Standard,17/10/2025,11/02/2026,SOLD,2025,"601,74 €",1157,"1,00 €","697,39 €"
Core S&P500 USD,AMS:CSPX,ETF,EUR,Standard,17/11/2025,11/02/2026,SOLD,2025,"623,20 €",160,"0,00 €","100,00 €"
Core S&P500 USD,AMS:CSPX,ETF,EUR,Saving,16/12/2025,11/02/2026,SOLD,2025,"618,28 €",81,"0,00 €","50,00 €"
Core S&P500 USD,AMS:CSPX,ETF,EUR,Standard,16/12/2025,11/02/2026,SOLD,2025,"624,46 €",1601,"1,00 €","1.001,00 €"
CoreWeave INC,FRA:I1V,SHARE,EUR,Standard,8/10/2025,17/10/2025,SOLD,2025,"113,00 €",8000,"1,00 €","905,00 €"
CoreWeave INC,FRA:I1V,SHARE,EUR,Standard,8/10/2025,16/01/2026,SOLD,2025,"113,00 €",850,"1,00 €","97,00 €"
CoreWeave INC,FRA:I1V,SHARE,EUR,Standard,3/11/2025,16/01/2026,SOLD,2025,"110,50 €",2150,"1,00 €","238,62 €"
CoreWeave INC,FRA:I1V,SHARE,EUR,Standard,6/11/2025,16/01/2026,SOLD,2025,"101,50 €",2000,"1,00 €","204,00 €"
CoreWeave INC,FRA:I1V,SHARE,EUR,Standard,13/11/2025,16/01/2026,SOLD,2025,"74,40 €",3000,"1,00 €","224,20 €"
CoreWeave INC,FRA:I1V,SHARE,EUR,Standard,19/11/2025,16/01/2026,SOLD,2025,"67,00 €",4000,"0,50 €","268,50 €"
CoreWeave INC,FRA:I1V,SHARE,EUR,Standard,19/11/2025,26/02/2026,SOLD,2025,"67,00 €",4500,"0,25 €","301,75 €"
CoreWeave INC,FRA:I1V,SHARE,EUR,Standard,19/11/2025,16/04/2026,SOLD,2025,"67,00 €",1500,"0,25 €","100,75 €"
CoreWeave INC,FRA:I1V,SHARE,EUR,Standard,6/02/2026,16/04/2026,SOLD,2026,"65,40 €",3000,"0,50 €","196,70 €"
CoreWeave INC,FRA:I1V,SHARE,EUR,Standard,3/03/2026,16/04/2026,SOLD,2026,"63,60 €",1000,"0,50 €","64,10 €"
CoreWeave INC,FRA:I1V,SHARE,EUR,Standard,3/03/2026,,BOUGHT,2026,"63,60 €",2500,"0,50 €","159,50 €"
CoreWeave INC,FRA:I1V,SHARE,EUR,Standard,14/04/2026,,BOUGHT,2026,"96,49 €",3000,"1,00 €","290,47 €"
EssilorLuxottica,EPA:EL,SHARE,EUR,Standard,12/02/2026,,BOUGHT,2026,"266,40 €",2000,"3,13 €","535,93 €"
EssilorLuxottica,EPA:EL,SHARE,EUR,Standard,26/02/2026,,BOUGHT,2026,"238,50 €",1000,"1,95 €","240,45 €"
Fidelity S&P500,S&P500,FUND,EUR,Standard,6/01/2026,,FUND,2026,"100,00 €",,"0,00 €","100,00 €"
Fondo Tesys,TESYS,FUND,EUR,Standard,29/10/2025,,FUND,2025,"1.000,00 €",,"0,00 €","1.000,00 €"
Fondo Tesys,TESYS,FUND,EUR,Standard,12/12/2025,,FUND,2025,"200,31 €",,"0,00 €","200,31 €"
Hubspot,FRA:096,SHARE,EUR,Standard,3/09/2025,29/10/2025,SOLD,2025,"405,50 €",2466,"1,00 €","1.001,00 €"
Hubspot,FRA:096,SHARE,EUR,Standard,1/10/2025,29/10/2025,SOLD,2025,"405,20 €",506,"1,00 €","206,01 €"
Hubspot,FRA:096,SHARE,EUR,Standard,1/10/2025,,BOUGHT,2025,"405,20 €",1491,"1,00 €","604,99 €"
Hubspot,FRA:096,SHARE,EUR,Standard,7/10/2025,,BOUGHT,2025,"398,50 €",2509,"1,00 €","1.001,00 €"
Hubspot,FRA:096,SHARE,EUR,Standard,13/11/2025,,BOUGHT,2025,"340,50 €",1000,"1,00 €","341,50 €"
Hubspot,FRA:096,SHARE,EUR,Standard,18/11/2025,,BOUGHT,2025,"316,00 €",1000,"1,00 €","317,00 €"
Hubspot,FRA:096,SHARE,EUR,Standard,18/12/2025,,BOUGHT,2025,"333,90 €",2000,"1,00 €","668,80 €"
Hubspot,FRA:096,SHARE,EUR,Standard,18/12/2025,,BOUGHT,2025,"189,70 €",2000,"1,00 €","380,40 €"
Hubspot,FRA:096,SHARE,EUR,Standard,18/12/2025,,BOUGHT,2025,"208,20 €",2000,"1,00 €","417,40 €"
Hubspot,FRA:096,SHARE,EUR,Standard,26/02/2026,,BOUGHT,2026,"228,30 €",1000,"1,00 €","229,30 €"
IAG,BME:IAG,SHARE,EUR,Standard,8/05/2025,22/05/2025,SOLD,2025,"3,40 €",73943,"1,50 €","252,90 €"
IAG,BME:IAG,SHARE,EUR,Standard,24/07/2025,17/10/2025,SOLD,2025,"4,36 €",91000,"1,80 €","398,56 €"
IAG,BME:IAG,SHARE,EUR,Standard,19/09/2025,17/10/2025,SOLD,2025,"4,40 €",200000,"2,76 €","882,56 €"
IAG,BME:IAG,SHARE,EUR,Standard,19/09/2025,16/12/2025,SOLD,2025,"4,40 €",789,"0,00 €","3,47 €"
IAG,BME:IAG,SHARE,EUR,Standard,21/10/2025,16/12/2025,SOLD,2025,"4,59 €",200000,"2,83 €","920,83 €"
IAG,BME:IAG,SHARE,EUR,Standard,28/10/2025,16/12/2025,SOLD,2025,"4,71 €",100000,"1,94 €","472,54 €"
IAG,BME:IAG,SHARE,EUR,Standard,6/11/2025,16/12/2025,SOLD,2025,"4,81 €",50000,"1,48 €","241,98 €"
IAG,BME:IAG,SHARE,EUR,Standard,12/11/2025,16/12/2025,SOLD,2025,"4,52 €",49211,"0,80 €","223,24 €"
IAG,BME:IAG,SHARE,EUR,Standard,12/11/2025,16/02/2026,SOLD,2025,"4,52 €",51000,"0,80 €","231,32 €"
IAG,BME:IAG,SHARE,EUR,Standard,14/11/2025,16/02/2026,SOLD,2025,"4,40 €",49000,"1,43 €","216,79 €"
IAG,BME:IAG,SHARE,EUR,Standard,17/11/2025,,BOUGHT,2025,"4,33 €",100000,"1,00 €","434,00 €"
IAG,BME:IAG,SHARE,EUR,Standard,27/02/2026,,BOUGHT,2026,"5,26 €",80000,"1,00 €","421,80 €"
Iberdrola,BME:IBE,SHARE,EUR,Standard,12/02/2026,,BOUGHT,2026,"19,88 €",20000,"1,80 €","399,40 €"
Iberdrola,BME:IBE,SHARE,EUR,Standard,12/02/2026,,BOUGHT,2026,"19,42 €",1000,"1,04 €","20,46 €"
IBEX 35 EUR,EPA:CS1,ETF,EUR,Standard,25/07/2025,26/02/2026,SOLD,2025,"358,60 €",558,"1,00 €","201,00 €"
IBEX 35 EUR,EPA:CS1,ETF,EUR,Saving,2/09/2025,26/02/2026,SOLD,2025,"370,55 €",810,"0,00 €","300,00 €"
IBEX 35 EUR,EPA:CS1,ETF,EUR,Standard,22/09/2025,26/02/2026,SOLD,2025,"380,15 €",1633,"0,50 €","621,16 €"
IBEX 35 EUR,EPA:CS1,ETF,EUR,Standard,22/09/2025,,BOUGHT,2025,"380,15 €",998,"0,50 €","379,84 €"
IBEX 35 EUR,EPA:CS1,ETF,EUR,Saving,2/10/2025,,BOUGHT,2025,"390,30 €",769,"0,00 €","300,00 €"
IBEX 35 EUR,EPA:CS1,ETF,EUR,Saving,3/11/2025,,BOUGHT,2025,"406,30 €",738,"0,00 €","300,00 €"
IBEX 35 EUR,EPA:CS1,ETF,EUR,Saving,16/12/2025,,BOUGHT,2025,"432,40 €",231,"0,00 €","100,00 €"
IBEX 35 EUR,EPA:CS1,ETF,EUR,Standard,8/01/2026,,BOUGHT,2026,"446,40 €",1792,"1,00 €","801,00 €"
IBEX 35 EUR,EPA:CS1,ETF,EUR,Saving,16/01/2026,,BOUGHT,2026,"447,20 €",671,"0,00 €","300,00 €"
IBEX 35 EUR,EPA:CS1,ETF,EUR,Saveback,2/02/2026,,BOUGHT,2026,"454,55 €",27,"0,00 €","12,15 €"
IBEX 35 EUR,EPA:CS1,ETF,EUR,Saving,16/02/2026,,BOUGHT,2026,"454,40 €",110,"0,00 €","50,00 €"
IBEX 35 EUR,EPA:CS1,ETF,EUR,Saveback,2/03/2026,,BOUGHT,2026,"453,05 €",17,"0,00 €","7,91 €"
IBEX 35 EUR,EPA:CS1,ETF,EUR,Saving,16/03/2026,,BOUGHT,2026,"432,70 €",116,"0,00 €","50,00 €"
IBEX 35 EUR,EPA:CS1,ETF,EUR,Saveback,2/04/2026,,BOUGHT,2026,"440,60 €",28,"0,00 €","12,15 €"
Inditex,BME:ITX,SHARE,EUR,Standard,23/05/2025,3/12/2025,SOLD,2025,"46,24 €",5407,"1,50 €","251,50 €"
Inditex,BME:ITX,SHARE,EUR,Standard,20/10/2025,3/12/2025,SOLD,2025,"48,69 €",6600,"1,64 €","322,99 €"
Japan Deep Value,Japan,FUND,EUR,Standard,30/01/2026,,FUND,2026,"2.000,00 €",,"0,00 €","2.000,00 €"
Japan Deep Value,Japan,FUND,EUR,Standard,5/03/2026,,FUND,2026,"200,00 €",,"0,00 €","200,00 €"
Logistica Holdings,BME:LOG,SHARE,EUR,Standard,10/02/2026,,BOUGHT,2026,"34,32 €",1000,"1,07 €","35,39 €"
Logistica Holdings,BME:LOG,SHARE,EUR,Standard,11/02/2026,,BOUGHT,2026,"33,88 €",10000,"1,68 €","340,48 €"
Logistica Holdings,BME:LOG,SHARE,EUR,Standard,13/02/2026,,BOUGHT,2026,"33,38 €",11000,"1,73 €","368,91 €"
Logistica Holdings,BME:LOG,SHARE,EUR,Standard,17/02/2026,,BOUGHT,2026,"33,42 €",8000,"1,53 €","268,89 €"
Meta Platform,FRA:FB2A,SHARE,EUR,Standard,3/11/2025,12/02/2026,SOLD,2025,"559,60 €",1000,"1,00 €","560,60 €"
Meta Platform,FRA:FB2A,SHARE,EUR,Standard,14/01/2026,,BOUGHT,2026,"541,00 €",1000,"1,00 €","542,00 €"
Microsoft,FRA:MSF,SHARE,EUR,Standard,23/05/2025,3/07/2025,SOLD,2025,"397,55 €",2518,"1,00 €","1.001,88 €"
Microsoft,FRA:MSF,SHARE,EUR,Standard,28/07/2025,28/07/2025,SOLD,2025,"430,65 €",697,"1,00 €","301,00 €"
Microsoft,FRA:MSF,SHARE,EUR,Standard,25/08/2025,,BOUGHT,2025,"437,75 €",880,"1,00 €","386,04 €"
Microsoft,FRA:MSF,SHARE,EUR,Standard,11/11/2025,,BOUGHT,2025,"440,15 €",1120,"1,00 €","494,15 €"
Microsoft,FRA:MSF,SHARE,EUR,Standard,18/11/2025,,BOUGHT,2025,"427,05 €",1000,"1,00 €","428,05 €"
Microsoft,FRA:MSF,SHARE,EUR,Standard,17/04/2026,,BOUGHT,2026,"358,80 €",2000,"1,00 €","718,60 €"
MSCI Europe,MSCI Europe,FUND,EUR,Standard,7/01/2026,,FUND,2026,"100,00 €",,"0,00 €","100,00 €"
Nintendo,FRA:NTO,SHARE,EUR,Standard,16/09/2025,,BOUGHT,2025,"79,86 €",10003,"1,00 €","799,80 €"
Nintendo,FRA:NTO,SHARE,EUR,Standard,13/11/2025,,BOUGHT,2025,"75,94 €",5997,"1,00 €","456,45 €"
Nintendo,FRA:NTO,SHARE,EUR,Standard,6/01/2026,,BOUGHT,2026,"58,68 €",10000,"1,00 €","587,80 €"
Nvidea,FRA:NVD,SHARE,EUR,Standard,8/05/2025,23/05/2025,SOLD,2025,"106,40 €",2349,"1,00 €","250,95 €"
Nvidea,FRA:NVD,SHARE,EUR,Standard,15/07/2025,17/10/2025,SOLD,2025,"147,44 €",678,"1,00 €","101,00 €"
Nvidea,FRA:NVD,SHARE,EUR,Standard,27/08/2025,17/10/2025,SOLD,2025,"157,02 €",6369,"1,00 €","1.001,00 €"
Nvidea,FRA:NVD,SHARE,EUR,Standard,18/09/2025,17/10/2025,SOLD,2025,"148,56 €",5953,"1,00 €","885,40 €"
Nvidea,FRA:NVD,SHARE,EUR,Standard,18/09/2025,3/11/2025,SOLD,2025,"148,56 €",778,"1,00 €","116,60 €"
Nvidea,FRA:NVD,SHARE,EUR,Standard,17/10/2025,3/11/2025,SOLD,2025,"153,56 €",4000,"0,50 €","614,74 €"
Nvidea,FRA:NVD,SHARE,EUR,Standard,17/10/2025,16/02/2026,SOLD,2025,"153,56 €",6000,"0,50 €","921,86 €"
Nvidea,FRA:NVD,SHARE,EUR,Standard,17/10/2025,16/02/2026,SOLD,2025,"161,68 €",1000,"0,50 €","162,18 €"
Nvidea,FRA:NVD,SHARE,EUR,Standard,17/10/2025,19/02/2026,SOLD,2025,"161,68 €",1000,"0,50 €","162,18 €"
Nvidea,FRA:NVD,SHARE,EUR,Standard,18/11/2025,19/02/2026,SOLD,2025,"159,40 €",1000,"1,00 €","160,40 €"
Nvidea,FRA:NVD,SHARE,EUR,Standard,18/11/2025,19/02/2026,SOLD,2025,"159,22 €",2000,"1,00 €","319,44 €"
Nvidea,FRA:NVD,SHARE,EUR,Standard,18/12/2025,19/02/2026,SOLD,2025,"148,16 €",2000,"0,50 €","296,82 €"
Nvidea,FRA:NVD,SHARE,EUR,Standard,18/12/2025,27/02/26,SOLD,2025,"148,16 €",2000,"0,50 €","296,82 €"
Nvidea,FRA:NVD,SHARE,EUR,Standard,4/02/2026,27/02/26,SOLD,2026,"153,12 €",1000,"1,00 €","154,12 €"
Nvidea,FRA:NVD,SHARE,EUR,Standard,4/02/2026,,BOUGHT,2026,"153,12 €",2000,"1,00 €","307,24 €"
Nvidea,FRA:NVD,SHARE,EUR,Standard,6/02/2026,,BOUGHT,2026,"149,06 €",2000,"1,00 €","299,12 €"
Palantir Technology,FRA:PTX,SHARE,EUR,Standard,17/10/2025,,BOUGHT,2025,"163,64 €",3000,"1,00 €","491,92 €"
Pfizer,FRA:PFE,SHARE,EUR,Standard,28/01/2026,19/02/2025,SOLD,2026,"22,01 €",20000,"1,00 €","441,20 €"
Physical gold,FRA:PPFB,ETF,EUR,Standard,8/10/2025,29/12/2025,SOLD,2025,"67,46 €",10006,"1,00 €","676,00 €"
Physical gold,FRA:PPFB,ETF,EUR,Standard,15/10/2025,29/12/2025,SOLD,2025,"69,98 €",14290,"1,00 €","1.001,00 €"
Physical gold,FRA:PPFB,ETF,EUR,Round-up,16/10/2025,13/02/2026,SOLD,2025,"70,46 €",147,"0,00 €","10,38 €"
Physical gold,FRA:PPFB,ETF,EUR,Standard,17/10/2025,13/02/2026,SOLD,2025,"72,66 €",655,"0,00 €","115,51 €"
Physical gold,FRA:PPFB,ETF,EUR,Standard,17/10/2025,13/02/2026,SOLD,2025,"72,66 €",12198,"1,00 €","887,27 €"
Physical gold,FRA:PPFB,ETF,EUR,Standard,17/10/2025,18/02/2026,SOLD,2025,"72,66 €",6198,"1,00 €","451,31 €"
Physical gold,FRA:PPFB,ETF,EUR,Round-up,23/10/2025,18/02/2026,SOLD,2025,"68,81 €",243,"0,00 €","16,71 €"
Physical gold,FRA:PPFB,ETF,EUR,Saving,3/11/2025,18/02/2026,SOLD,2025,"67,51 €",1481,"0,00 €","100,00 €"
Physical gold,FRA:PPFB,ETF,EUR,Saveback,3/11/2025,18/02/2026,SOLD,2025,"67,50 €",222,"0,00 €","15,00 €"
Physical gold,FRA:PPFB,ETF,EUR,Round-up,3/11/2025,18/02/2026,SOLD,2025,"67,50 €",11,"0,00 €","0,75 €"
Physical gold,FRA:PPFB,ETF,EUR,Saveback,2/12/2025,18/02/2026,SOLD,2025,"70,12 €",173,"0,00 €","12,15 €"
Physical gold,FRA:PPFB,ETF,EUR,Saving,16/12/2025,18/02/2026,SOLD,2025,"70,70 €",707,"0,00 €","50,00 €"
Physical gold,FRA:PPFB,ETF,EUR,Saveback,2/01/2026,18/02/2026,SOLD,2026,"72,69 €",167,"0,00 €","12,15 €"
Physical gold,FRA:PPFB,ETF,EUR,Standard,30/01/2026,18/02/2026,SOLD,2026,"82,33 €",797,"0,50 €","66,13 €"
Physical gold,FRA:PPFB,ETF,EUR,Standard,30/01/2026,,BOUGHT,2026,"82,33 €",11395,"0,50 €","938,66 €"
Renta 4 Multigestión Numantia,Numantia,FUND,EUR,Standard,7/01/2026,,FUND,2026,"200,00 €",,"0,00 €","200,00 €"
Renta 4 Multigestión Numantia,Numantia,FUND,EUR,Standard,30/01/2026,,FUND,2026,"1.000,00 €",,"0,00 €","1.000,00 €"
Renta 4 Multigestión Numantia,Numantia,FUND,EUR,Standard,27/02/2026,,FUND,2026,"800,06 €",,"0,00 €","800,06 €"
Renta 4 Multigestión Numantia,Numantia,FUND,EUR,Standard,5/03/2026,,FUND,2026,"150,00 €",,"0,00 €","150,00 €"
Repsol,BME:REP,SHARE,EUR,Standard,6/01/2026,02/03/2025,SOLD,2026,"16,65 €",50000,"1,50 €","833,75 €"
Repsol,BME:REP,SHARE,EUR,Standard,6/01/2026,23/03/2026,SOLD,2026,"16,65 €",10000,"1,50 €","167,95 €"
Repsol,BME:REP,SHARE,EUR,Standard,8/01/2026,23/03/2026,SOLD,2026,"16,26 €",15000,"1,15 €","245,05 €"
Repsol,BME:REP,SHARE,EUR,Standard,8/01/2026,,BOUGHT,2026,"16,26 €",25000,"1,15 €","407,65 €"
Rezolve AI,FRA:O5F,SHARE,EUR,Standard,10/03/2026,,BOUGHT,2026,"2,49 €",100000,"1,00 €","250,00 €"
Rezolve AI,FRA:O5F,SHARE,EUR,Standard,13/03/2026,,BOUGHT,2026,"2,48 €",100000,"1,00 €","249,00 €"
Salesforce,FRA:FOO,SHARE,EUR,Standard,12/09/2025,17/10/2025,SOLD,2025,"207,05 €",2000,"0,50 €","414,60 €"
Salesforce,FRA:FOO,SHARE,EUR,Standard,12/09/2025,17/12/2025,SOLD,2025,"207,05 €",607,"0,50 €","126,27 €"
Salesforce,FRA:FOO,SHARE,EUR,Standard,29/10/2025,17/12/2025,SOLD,2025,"216,95 €",2393,"0,50 €","519,57 €"
Salesforce,FRA:FOO,SHARE,EUR,Standard,29/10/2025,,BOUGHT,2025,"216,95 €",2000,"0,50 €","434,40 €"
Salesforce,FRA:FOO,SHARE,EUR,Standard,13/11/2025,,BOUGHT,2025,"212,15 €",1000,"1,00 €","213,15 €"
Salesforce,FRA:FOO,SHARE,EUR,Standard,14/01/2026,,BOUGHT,2026,"207,55 €",2000,"1,00 €","416,10 €"
Sanofi,EPA:SAN,SHARE,EUR,Standard,20/05/2025,25/02/2025,SOLD,2025,"94,10 €",2657,"2,66 €","252,66 €"
Sanofi,EPA:SAN,SHARE,EUR,Standard,13/11/2025,25/02/2025,SOLD,2025,"90,31 €",3343,"2,20 €","304,13 €"
Santander,BME:SAN,SHARE,EUR,Standard,28/10/2025,,BOUGHT,2025,"8,52 €",30000,"1,51 €","257,14 €"
Santander,BME:SAN,SHARE,EUR,Standard,28/10/2025,,BOUGHT,2025,"8,63 €",40000,1690,"346,77 €"
Santander,BME:SAN,SHARE,EUR,Standard,28/01/2026,,BOUGHT,2026,"10,62 €",30000,"1,69 €","320,29 €"
Santander,BME:SAN,SHARE,EUR,Standard,25/02/2026,,BOUGHT,2026,"10,64 €",40000,"1,85 €","427,29 €"
Santander,BME:SAN,SHARE,EUR,Standard,3/03/2026,,BOUGHT,2026,"9,66 €",30000,"1,58 €","291,38 €"
Telefonica,BME:TEF,SHARE,EUR,Standard,2/12/2025,,BOUGHT,2025,"3,67 €",220000,"1,00 €","808,40 €"
Telefonica,BME:TEF,SHARE,EUR,Standard,26/02/2026,,BOUGHT,2026,"3,67 €",70000,"1,00 €","257,90 €"
Tesla,Tesla,SHARE,EUR,Standard,15/05/2025,20/05/2025,SOLD,2025,"305,60 €",818,"1,00 €","251,00 €"
UnitedHealth Group,FRA:UNH,SHARE,EUR,Standard,20/05/2025,15/09/2025,SOLD,2025,"289,25 €",328,"1,00 €","96,00 €"
UnitedHealth Group,FRA:UNH,SHARE,EUR,Standard,15/08/2025,15/09/2025,SOLD,2025,"262,15 €",1526,"1,00 €","401,15 €"
UnitedHealth Group,FRA:UNH,SHARE,EUR,Standard,13/01/2026,,BOUGHT,2026,"291,80 €",4000,"1,00 €","1.168,20 €"
UnitedHealth Group,FRA:UNH,SHARE,EUR,Standard,17/02/2026,,BOUGHT,2026,"247,55 €",2000,"1,00 €","496,10 €"
